OrderID,Date,CustomerName,Email,Product,Price,Country
RS-1724458801,2024-07-25,Adama Traoré,adama.traore@example.com,PACKRICSTREAMING,3900,Mali
RS-1724458802,2024-03-12,Fatou Diop,fatou.diop@example.com,PACKRICSTREAMING,3900,Sénégal
RS-1724458803,2024-01-18,Kwame N'krumah,kwame.nkrumah@example.com,PACKRICSTREAMING,3900,Côte d'Ivoire
RS-1724458804,2024-06-05,Amina Sow,amina.sow@example.com,PACKRICSTREAMING,3900,Guinée-Bissau
RS-1724458805,2023-11-22,Moussa Diallo,moussa.diallo@example.com,PACKRICSTREAMING,3900,Niger
RS-1724458806,2024-08-01,Mariam Cissé,mariam.cisse@example.com,PACKRICSTREAMING,3900,Burkina Faso
RS-1724458807,2024-04-19,Jean-Pierre Koffi,jp.koffi@example.com,PACKRICSTREAMING,3900,Togo
RS-1724458808,2024-02-08,Chidinma Adebayo,chidinma.adebayo@example.com,PACKRICSTREAMING,3900,Bénin
RS-1724458809,2023-10-15,Sekou Keita,sekou.keita@example.com,PACKRICSTREAMING,3900,Mali
RS-1724458810,2024-07-30,Awa Gueye,awa.gueye@example.com,PACKRICSTREAMING,3900,Sénégal
RS-1724458811,2024-05-11,Yao Kouassi,yao.kouassi@example.com,PACKRICSTREAMING,3900,Côte d'Ivoire
RS-1724458812,2024-01-02,Nia Gomes,nia.gomes@example.com,PACKRICSTREAMING,3900,Guinée-Bissau
RS-1724458813,2023-12-04,Ibrahim Hassan,ibrahim.hassan@example.com,PACKRICSTREAMING,3900,Niger
RS-1724458814,2024-08-14,Bintou Ouédraogo,bintou.ouedraogo@example.com,PACKRICSTREAMING,3900,Burkina Faso
RS-1724458815,2024-06-25,Ekoue Akakpo,ekoue.akakpo@example.com,PACKRICSTREAMING,3900,Togo
RS-1724458816,2024-03-29,Zola Adekunle,zola.adekunle@example.com,PACKRICSTREAMING,3900,Bénin
RS-1724458817,2023-11-01,Fanta Camara,fanta.camara@example.com,PACKRICSTREAMING,3900,Mali
RS-1724458818,2024-07-09,Ousmane N'diaye,ousmane.ndiaye@example.com,PACKRICSTREAMING,3900,Sénégal
RS-1724458819,2024-04-22,Gnon Kone,gnon.kone@example.com,PACKRICSTREAMING,3900,Côte d'Ivoire
RS-1724458820,2024-02-18,Amilcar Lopes,amilcar.lopes@example.com,PACKRICSTREAMING,3900,Guinée-Bissau
RS-1724458821,2023-09-21,Hamidou Issoufou,hamidou.issoufou@example.com,PACKRICSTREAMING,3900,Niger
RS-1724458822,2024-08-05,Rokia Sanogo,rokia.sanogo@example.com,PACKRICSTREAMING,3900,Burkina Faso
RS-1724458823,2024-05-15,Afiavi Mensah,afiavi.mensah@example.com,PACKRICSTREAMING,3900,Togo
RS-1724458824,2024-01-20,Obi Okoro,obi.okoro@example.com,PACKRICSTREAMING,3900,Bénin
RS-1724458825,2023-10-30,Djeneba Toure,djeneba.toure@example.com,PACKRICSTREAMING,3900,Mali
RS-1724458826,2024-07-21,Pape Sarr,pape.sarr@example.com,PACKRICSTREAMING,3900,Sénégal
RS-1724458827,2024-06-01,Aya Coulibaly,aya.coulibaly@example.com,PACKRICSTREAMING,3900,Côte d'Ivoire
RS-1724458828,2024-03-14,Rui Barbosa,rui.barbosa@example.com,PACKRICSTREAMING,3900,Guinée-Bissau
RS-1724458829,2023-12-19,Aisha Abdullahi,aisha.abdullahi@example.com,PACKRICSTREAMING,3900,Niger
RS-1724458830,2024-08-22,Alassane Zongo,alassane.zongo@example.com,PACKRICSTREAMING,3900,Burkina Faso
RS-1724458831,2024-04-10,Kossi Agbo,kossi.agbo@example.com,PACKRICSTREAMING,3900,Togo
RS-1724458832,2024-02-11,Funmilayo Ajayi,funmilayo.ajayi@example.com,PACKRICSTREAMING,3900,Bénin
RS-1724458833,2023-11-12,Salif Traoré,salif.traore@example.com,PACKRICSTREAMING,3900,Mali
RS-1724458834,2024-07-15,Ndèye Fall,ndeye.fall@example.com,PACKRICSTREAMING,3900,Sénégal
RS-1724458835,2024-05-25,Brou Yao,brou.yao@example.com,PACKRICSTREAMING,3900,Côte d'Ivoire
RS-1724458836,2024-01-28,Lina Pereira,lina.pereira@example.com,PACKRICSTREAMING,3900,Guinée-Bissau
RS-1724458837,2023-10-08,Mamadou Saidou,mamadou.saidou@example.com,PACKRICSTREAMING,3900,Niger
RS-1724458838,2024-08-08,Wendkouni Kaboré,wendkouni.kabore@example.com,PACKRICSTREAMING,3900,Burkina Faso
RS-1724458839,2024-06-18,Yawovi Amegan,yawovi.amegan@example.com,PACKRICSTREAMING,3900,Togo
RS-1724458840,2024-03-22,Tunde Bello,tunde.bello@example.com,PACKRICSTREAMING,3900,Bénin
RS-1724458841,2023-12-25,Oumou Sangaré,oumou.sangare@example.com,PACKRICSTREAMING,3900,Mali
RS-1724458842,2024-07-01,El Hadj Faye,el.hadj.faye@example.com,PACKRICSTREAMING,3900,Sénégal
RS-1724458843,2024-04-14,Ange-Emmanuel Boni,ange.boni@example.com,PACKRICSTREAMING,3900,Côte d'Ivoire
RS-1724458844,2024-02-23,Joana Monteiro,joana.monteiro@example.com,PACKRICSTREAMING,3900,Guinée-Bissau
RS-1724458845,2023-09-17,Bello Garba,bello.garba@example.com,PACKRICSTREAMING,3900,Niger
RS-1724458846,2024-08-18,Fatimata Sawadogo,fatimata.sawadogo@example.com,PACKRICSTREAMING,3900,Burkina Faso
RS-1724458847,2024-05-05,Akofa Lawson,akofa.lawson@example.com,PACKRICSTREAMING,3900,Togo
RS-1724458848,2024-01-09,Dayo Johnson,dayo.johnson@example.com,PACKRICSTREAMING,3900,Bénin
RS-1724458849,2023-10-02,Makan Konaté,makan.konate@example.com,PACKRICSTREAMING,3900,Mali
RS-1724458850,2024-07-28,Aissatou Diallo,aissatou.diallo@example.com,PACKRICSTREAMING,3900,Sénégal
RS-1724458851,2024-06-11,Thierry Gnago,thierry.gnago@example.com,PACKRICSTREAMING,3900,Côte d'Ivoire
RS-1724458852,2024-03-03,Telma Correia,telma.correia@example.com,PACKRICSTREAMING,3900,Guinée-Bissau
RS-1724458853,2023-12-09,Sani Oumarou,sani.oumarou@example.com,PACKRICSTREAMING,3900,Niger
RS-1724458854,2024-08-28,Issouf Compaoré,issouf.compaore@example.com,PACKRICSTREAMING,3900,Burkina Faso
RS-1724458855,2024-04-30,Ama Gbogbo,ama.gbogbo@example.com,PACKRICSTREAMING,3900,Togo
RS-1724458856,2024-02-01,Abiodun Oke,abiodun.oke@example.com,PACKRICSTREAMING,3900,Bénin
RS-1724458857,2023-11-28,Korotoumou Sidibé,korotoumou.sidibe@example.com,PACKRICSTREAMING,3900,Mali
RS-1724458858,2024-07-04,Modou Lo,modou.lo@example.com,PACKRICSTREAMING,3900,Sénégal
RS-1724458859,2024-05-18,Hamed Ouattara,hamed.ouattara@example.com,PACKRICSTREAMING,3900,Côte d'Ivoire
RS-1724458860,2024-01-14,Isabel da Silva,isabel.dasilva@example.com,PACKRICSTREAMING,3900,Guinée-Bissau
RS-1724458861,2023-10-21,Zara Moussa,zara.moussa@example.com,PACKRICSTREAMING,3900,Niger
RS-1724458862,2024-08-11,Patrice Ilboudo,patrice.ilboudo@example.com,PACKRICSTREAMING,3900,Burkina Faso
RS-1724458863,2024-06-21,Edem d'Almeida,edem.dalmeida@example.com,PACKRICSTREAMING,3900,Togo
RS-1724458864,2024-03-09,Yemi Adedayo,yemi.adedayo@example.com,PACKRICSTREAMING,3900,Bénin
RS-1724458865,2023-12-14,Boubacar Keita,boubacar.keita@example.com,PACKRICSTREAMING,3900,Mali
RS-1724458866,2024-07-18,Coumba Diouf,coumba.diouf@example.com,PACKRICSTREAMING,3900,Sénégal
RS-1724458867,2024-05-01,Didier Zokora,didier.zokora@example.com,PACKRICSTREAMING,3900,Côte d'Ivoire
RS-1724458868,2024-02-28,Jair Fernandes,jair.fernandes@example.com,PACKRICSTREAMING,3900,Guinée-Bissau
RS-1724458869,2023-09-09,Halima Adamou,halima.adamou@example.com,PACKRICSTREAMING,3900,Niger
RS-1724458870,2024-08-02,Abdoul Tapsoba,abdoul.tapsoba@example.com,PACKRICSTREAMING,3900,Burkina Faso
RS-1724458871,2024-06-08,Afi Adjaho,afi.adjaho@example.com,PACKRICSTREAMING,3900,Togo
RS-1724458872,2024-03-28,Bolanle Ojo,bolanle.ojo@example.com,PACKRICSTREAMING,3900,Bénin
RS-1724458873,2023-11-08,Sidi Diarra,sidi.diarra@example.com,PACKRICSTREAMING,3900,Mali
RS-1724458874,2024-07-24,Aminata Sow,aminata.sow@example.com,PACKRICSTREAMING,3900,Sénégal
RS-1724458875,2024-05-29,Serge Aurier,serge.aurier@example.com,PACKRICSTREAMING,3900,Côte d'Ivoire
RS-1724458876,2024-01-24,Nuno Gomes,nuno.gomes@example.com,PACKRICSTREAMING,3900,Guinée-Bissau
RS-1724458877,2023-10-18,Omar Djibo,omar.djibo@example.com,PACKRICSTREAMING,3900,Niger
RS-1724458878,2024-08-25,Sibiri Traoré,sibiri.traore@example.com,PACKRICSTREAMING,3900,Burkina Faso
RS-1724458879,2024-04-18,Folly Ayivi,folly.ayivi@example.com,PACKRICSTREAMING,3900,Togo
RS-1724458880,2024-02-15,Ifeoma Okafor,ifeoma.okafor@example.com,PACKRICSTREAMING,3900,Bénin
RS-1724458881,2023-12-01,Tenin Diawara,tenin.diawara@example.com,PACKRICSTREAMING,3900,Mali
RS-1724458882,2024-07-11,Khadija Thiam,khadija.thiam@example.com,PACKRICSTREAMING,3900,Sénégal
RS-1724458883,2024-06-15,Armand Boka,armand.boka@example.com,PACKRICSTREAMING,3900,Côte d'Ivoire
RS-1724458884,2024-03-07,Catia Mendes,catia.mendes@example.com,PACKRICSTREAMING,3900,Guinée-Bissau
RS-1724458885,2023-12-28,Rachida Ousmane,rachida.ousmane@example.com,PACKRICSTREAMING,3900,Niger
RS-1724458886,2024-08-16,Nafissatou Yameogo,nafissatou.yameogo@example.com,PACKRICSTREAMING,3900,Burkina Faso
RS-1724458887,2024-04-28,Yao Gnininvi,yao.gnininvi@example.com,PACKRICSTREAMING,3900,Togo
RS-1724458888,2024-01-11,Chigozie Eze,chigozie.eze@example.com,PACKRICSTREAMING,3900,Bénin
RS-1724458889,2023-10-25,Mahamadou Maiga,mahamadou.maiga@example.com,PACKRICSTREAMING,3900,Mali
RS-1724458890,2024-07-06,Lamine Gassama,lamine.gassama@example.com,PACKRICSTREAMING,3900,Sénégal
RS-1724458891,2024-05-09,Esther Kalou,esther.kalou@example.com,PACKRICSTREAMING,3900,Côte d'Ivoire
RS-1724458892,2024-02-05,Flavio Pinto,flavio.pinto@example.com,PACKRICSTREAMING,3900,Guinée-Bissau
RS-1724458893,2023-11-18,Amadou Issaka,amadou.issaka@example.com,PACKRICSTREAMING,3900,Niger
RS-1724458894,2024-08-09,Aristide Bancé,aristide.bance@example.com,PACKRICSTREAMING,3900,Burkina Faso
RS-1724458895,2024-06-03,Dédé Wilson,dede.wilson@example.com,PACKRICSTREAMING,3900,Togo
RS-1724458896,2024-03-18,Simbo Ayodele,simbo.ayodele@example.com,PACKRICSTREAMING,3900,Bénin
RS-1724458897,2023-12-21,Astou N'diaye,astou.ndiaye@example.com,PACKRICSTREAMING,3900,Mali
RS-1724458898,2024-07-13,Sadio Mané,sadio.mane@example.com,PACKRICSTREAMING,3900,Sénégal
RS-1724458899,2024-04-04,Franck Kessié,franck.kessie@example.com,PACKRICSTREAMING,3900,Côte d'Ivoire
RS-1724458900,2024-02-20,Elisa Varela,elisa.varela@example.com,PACKRICSTREAMING,3900,Guinée-Bissau
RS-1724459001,2023-09-30,Idrissa Seyni,idrissa.seyni@example.com,PACKRICSTREAMING,3900,Niger
